county,state,neighbor_county,neighbor_state
Ada,ID,Ada,ID
Ada,ID,Boise,ID
Ada,ID,Canyon,ID
Ada,ID,Elmore,ID
Ada,ID,Gem,ID
Ada,ID,Owyhee,ID
Adams,ID,Adams,ID
Adams,ID,Gem,ID
Adams,ID,Idaho,ID
Adams,ID,Valley,ID
Adams,ID,Washington,ID
Adams,ID,Baker,OR
Adams,ID,Wallowa,OR
Bannock,ID,Bannock,ID
Bannock,ID,Bingham,ID
Bannock,ID,Caribou,ID
Bannock,ID,Franklin,ID
Bannock,ID,Oneida,ID
Bannock,ID,Power,ID
Bear Lake,ID,Bear Lake,ID
Bear Lake,ID,Caribou,ID
Bear Lake,ID,Franklin,ID
Bear Lake,ID,Cache,UT
Bear Lake,ID,Rich,UT
Bear Lake,ID,Lincoln,WY
Benewah,ID,Benewah,ID
Benewah,ID,Kootenai,ID
Benewah,ID,Latah,ID
Benewah,ID,Shoshone,ID
Benewah,ID,Spokane,WA
Benewah,ID,Whitman,WA
Bingham,ID,Bannock,ID
Bingham,ID,Bingham,ID
Bingham,ID,Blaine,ID
Bingham,ID,Bonneville,ID
Bingham,ID,Butte,ID
Bingham,ID,Caribou,ID
Bingham,ID,Jefferson,ID
Bingham,ID,Power,ID
Blaine,ID,Bingham,ID
Blaine,ID,Blaine,ID
Blaine,ID,Butte,ID
Blaine,ID,Camas,ID
Blaine,ID,Cassia,ID
Blaine,ID,Custer,ID
Blaine,ID,Elmore,ID
Blaine,ID,Lincoln,ID
Blaine,ID,Minidoka,ID
Blaine,ID,Power,ID
Boise,ID,Ada,ID
Boise,ID,Boise,ID
Boise,ID,Custer,ID
Boise,ID,Elmore,ID
Boise,ID,Gem,ID
Boise,ID,Valley,ID
Bonner,ID,Bonner,ID
Bonner,ID,Boundary,ID
Bonner,ID,Kootenai,ID
Bonner,ID,Shoshone,ID
Bonner,ID,Lincoln,MT
Bonner,ID,Sanders,MT
Bonner,ID,Pend Oreille,WA
Bonner,ID,Spokane,WA
Bonneville,ID,Bingham,ID
Bonneville,ID,Bonneville,ID
Bonneville,ID,Caribou,ID
Bonneville,ID,Jefferson,ID
Bonneville,ID,Madison,ID
Bonneville,ID,Teton,ID
Bonneville,ID,Lincoln,WY
Bonneville,ID,Teton,WY
Boundary,ID,Bonner,ID
Boundary,ID,Boundary,ID
Boundary,ID,Lincoln,MT
Boundary,ID,Pend Oreille,WA
Butte,ID,Bingham,ID
Butte,ID,Blaine,ID
Butte,ID,Butte,ID
Butte,ID,Clark,ID
Butte,ID,Custer,ID
Butte,ID,Jefferson,ID
Butte,ID,Lemhi,ID
Camas,ID,Blaine,ID
Camas,ID,Camas,ID
Camas,ID,Elmore,ID
Camas,ID,Gooding,ID
Camas,ID,Lincoln,ID
Canyon,ID,Ada,ID
Canyon,ID,Canyon,ID
Canyon,ID,Gem,ID
Canyon,ID,Owyhee,ID
Canyon,ID,Payette,ID
Canyon,ID,Malheur,OR
Caribou,ID,Bannock,ID
Caribou,ID,Bear Lake,ID
Caribou,ID,Bingham,ID
Caribou,ID,Bonneville,ID
Caribou,ID,Caribou,ID
Caribou,ID,Franklin,ID
Caribou,ID,Lincoln,WY
Cassia,ID,Blaine,ID
Cassia,ID,Cassia,ID
Cassia,ID,Jerome,ID
Cassia,ID,Minidoka,ID
Cassia,ID,Oneida,ID
Cassia,ID,Power,ID
Cassia,ID,Twin Falls,ID
Cassia,ID,Elko,NV
Cassia,ID,Box Elder,UT
Clark,ID,Butte,ID
Clark,ID,Clark,ID
Clark,ID,Fremont,ID
Clark,ID,Jefferson,ID
Clark,ID,Lemhi,ID
Clark,ID,Beaverhead,MT
Clearwater,ID,Clearwater,ID
Clearwater,ID,Idaho,ID
Clearwater,ID,Latah,ID
Clearwater,ID,Lewis,ID
Clearwater,ID,Nez Perce,ID
Clearwater,ID,Shoshone,ID
Clearwater,ID,Mineral,MT
Clearwater,ID,Missoula,MT
Custer,ID,Blaine,ID
Custer,ID,Boise,ID
Custer,ID,Butte,ID
Custer,ID,Custer,ID
Custer,ID,Elmore,ID
Custer,ID,Lemhi,ID
Custer,ID,Valley,ID
Elmore,ID,Ada,ID
Elmore,ID,Blaine,ID
Elmore,ID,Boise,ID
Elmore,ID,Camas,ID
Elmore,ID,Custer,ID
Elmore,ID,Elmore,ID
Elmore,ID,Gooding,ID
Elmore,ID,Owyhee,ID
Elmore,ID,Twin Falls,ID
Franklin,ID,Bannock,ID
Franklin,ID,Bear Lake,ID
Franklin,ID,Caribou,ID
Franklin,ID,Franklin,ID
Franklin,ID,Oneida,ID
Franklin,ID,Cache,UT
Franklin,ID,Rich,UT
Fremont,ID,Clark,ID
Fremont,ID,Fremont,ID
Fremont,ID,Jefferson,ID
Fremont,ID,Madison,ID
Fremont,ID,Teton,ID
Fremont,ID,Beaverhead,MT
Fremont,ID,Gallatin,MT
Fremont,ID,Madison,MT
Fremont,ID,Teton,WY
Gem,ID,Ada,ID
Gem,ID,Adams,ID
Gem,ID,Boise,ID
Gem,ID,Canyon,ID
Gem,ID,Gem,ID
Gem,ID,Payette,ID
Gem,ID,Valley,ID
Gem,ID,Washington,ID
Gooding,ID,Camas,ID
Gooding,ID,Elmore,ID
Gooding,ID,Gooding,ID
Gooding,ID,Jerome,ID
Gooding,ID,Lincoln,ID
Gooding,ID,Twin Falls,ID
Idaho,ID,Adams,ID
Idaho,ID,Clearwater,ID
Idaho,ID,Idaho,ID
Idaho,ID,Lemhi,ID
Idaho,ID,Lewis,ID
Idaho,ID,Nez Perce,ID
Idaho,ID,Valley,ID
Idaho,ID,Missoula,MT
Idaho,ID,Ravalli,MT
Idaho,ID,Wallowa,OR
Jefferson,ID,Bingham,ID
Jefferson,ID,Bonneville,ID
Jefferson,ID,Butte,ID
Jefferson,ID,Clark,ID
Jefferson,ID,Fremont,ID
Jefferson,ID,Jefferson,ID
Jefferson,ID,Madison,ID
Jerome,ID,Cassia,ID
Jerome,ID,Gooding,ID
Jerome,ID,Jerome,ID
Jerome,ID,Lincoln,ID
Jerome,ID,Minidoka,ID
Jerome,ID,Twin Falls,ID
Kootenai,ID,Benewah,ID
Kootenai,ID,Bonner,ID
Kootenai,ID,Kootenai,ID
Kootenai,ID,Shoshone,ID
Kootenai,ID,Spokane,WA
Latah,ID,Benewah,ID
Latah,ID,Clearwater,ID
Latah,ID,Latah,ID
Latah,ID,Nez Perce,ID
Latah,ID,Shoshone,ID
Latah,ID,Whitman,WA
Lemhi,ID,Butte,ID
Lemhi,ID,Clark,ID
Lemhi,ID,Custer,ID
Lemhi,ID,Idaho,ID
Lemhi,ID,Lemhi,ID
Lemhi,ID,Valley,ID
Lemhi,ID,Beaverhead,MT
Lemhi,ID,Ravalli,MT
Lewis,ID,Clearwater,ID
Lewis,ID,Idaho,ID
Lewis,ID,Lewis,ID
Lewis,ID,Nez Perce,ID
Lincoln,ID,Blaine,ID
Lincoln,ID,Camas,ID
Lincoln,ID,Gooding,ID
Lincoln,ID,Jerome,ID
Lincoln,ID,Lincoln,ID
Lincoln,ID,Minidoka,ID
Madison,ID,Bonneville,ID
Madison,ID,Fremont,ID
Madison,ID,Jefferson,ID
Madison,ID,Madison,ID
Madison,ID,Teton,ID
Minidoka,ID,Blaine,ID
Minidoka,ID,Cassia,ID
Minidoka,ID,Jerome,ID
Minidoka,ID,Lincoln,ID
Minidoka,ID,Minidoka,ID
Nez Perce,ID,Clearwater,ID
Nez Perce,ID,Idaho,ID
Nez Perce,ID,Latah,ID
Nez Perce,ID,Lewis,ID
Nez Perce,ID,Nez Perce,ID
Nez Perce,ID,Wallowa,OR
Nez Perce,ID,Asotin,WA
Nez Perce,ID,Whitman,WA
Oneida,ID,Bannock,ID
Oneida,ID,Cassia,ID
Oneida,ID,Franklin,ID
Oneida,ID,Oneida,ID
Oneida,ID,Power,ID
Oneida,ID,Box Elder,UT
Oneida,ID,Cache,UT
Owyhee,ID,Ada,ID
Owyhee,ID,Canyon,ID
Owyhee,ID,Elmore,ID
Owyhee,ID,Owyhee,ID
Owyhee,ID,Twin Falls,ID
Owyhee,ID,Elko,NV
Owyhee,ID,Humboldt,NV
Owyhee,ID,Malheur,OR
Payette,ID,Canyon,ID
Payette,ID,Gem,ID
Payette,ID,Payette,ID
Payette,ID,Washington,ID
Payette,ID,Malheur,OR
Power,ID,Bannock,ID
Power,ID,Bingham,ID
Power,ID,Blaine,ID
Power,ID,Cassia,ID
Power,ID,Oneida,ID
Power,ID,Power,ID
Shoshone,ID,Benewah,ID
Shoshone,ID,Bonner,ID
Shoshone,ID,Clearwater,ID
Shoshone,ID,Kootenai,ID
Shoshone,ID,Latah,ID
Shoshone,ID,Shoshone,ID
Shoshone,ID,Mineral,MT
Shoshone,ID,Sanders,MT
Teton,ID,Bonneville,ID
Teton,ID,Fremont,ID
Teton,ID,Madison,ID
Teton,ID,Teton,ID
Teton,ID,Teton,WY
Twin Falls,ID,Cassia,ID
Twin Falls,ID,Elmore,ID
Twin Falls,ID,Gooding,ID
Twin Falls,ID,Jerome,ID
Twin Falls,ID,Owyhee,ID
Twin Falls,ID,Twin Falls,ID
Twin Falls,ID,Elko,NV
Valley,ID,Adams,ID
Valley,ID,Boise,ID
Valley,ID,Custer,ID
Valley,ID,Gem,ID
Valley,ID,Idaho,ID
Valley,ID,Lemhi,ID
Valley,ID,Valley,ID
Washington,ID,Adams,ID
Washington,ID,Gem,ID
Washington,ID,Payette,ID
Washington,ID,Washington,ID
Washington,ID,Baker,OR
Washington,ID,Malheur,OR
Beaverhead,MT,Clark,ID
Beaverhead,MT,Fremont,ID
Beaverhead,MT,Lemhi,ID
Beaverhead,MT,Beaverhead,MT
Beaverhead,MT,Deer Lodge,MT
Beaverhead,MT,Madison,MT
Beaverhead,MT,Ravalli,MT
Beaverhead,MT,Silver Bow,MT
Big Horn,MT,Big Horn,MT
Big Horn,MT,Carbon,MT
Big Horn,MT,Powder River,MT
Big Horn,MT,Rosebud,MT
Big Horn,MT,Treasure,MT
Big Horn,MT,Yellowstone,MT
Big Horn,MT,Big Horn,WY
Big Horn,MT,Sheridan,WY
Blaine,MT,Blaine,MT
Blaine,MT,Chouteau,MT
Blaine,MT,Fergus,MT
Blaine,MT,Hill,MT
Blaine,MT,Phillips,MT
Broadwater,MT,Broadwater,MT
Broadwater,MT,Gallatin,MT
Broadwater,MT,Jefferson,MT
Broadwater,MT,Lewis and Clark,MT
Broadwater,MT,Meagher,MT
Carbon,MT,Big Horn,MT
Carbon,MT,Carbon,MT
Carbon,MT,Park,MT
Carbon,MT,Stillwater,MT
Carbon,MT,Yellowstone,MT
Carbon,MT,Big Horn,WY
Carbon,MT,Park,WY
Carter,MT,Carter,MT
Carter,MT,Custer,MT
Carter,MT,Fallon,MT
Carter,MT,Powder River,MT
Carter,MT,Butte,SD
Carter,MT,Harding,SD
Carter,MT,Crook,WY
Cascade,MT,Cascade,MT
Cascade,MT,Chouteau,MT
Cascade,MT,Judith Basin,MT
Cascade,MT,Lewis and Clark,MT
Cascade,MT,Meagher,MT
Cascade,MT,Teton,MT
Chouteau,MT,Blaine,MT
Chouteau,MT,Cascade,MT
Chouteau,MT,Chouteau,MT
Chouteau,MT,Fergus,MT
Chouteau,MT,Hill,MT
Chouteau,MT,Judith Basin,MT
Chouteau,MT,Liberty,MT
Chouteau,MT,Pondera,MT
Chouteau,MT,Teton,MT
Custer,MT,Carter,MT
Custer,MT,Custer,MT
Custer,MT,Fallon,MT
Custer,MT,Garfield,MT
Custer,MT,Powder River,MT
Custer,MT,Prairie,MT
Custer,MT,Rosebud,MT
Daniels,MT,Daniels,MT
Daniels,MT,Roosevelt,MT
Daniels,MT,Sheridan,MT
Daniels,MT,Valley,MT
Dawson,MT,Dawson,MT
Dawson,MT,McCone,MT
Dawson,MT,Prairie,MT
Dawson,MT,Richland,MT
Dawson,MT,Wibaux,MT
Deer Lodge,MT,Beaverhead,MT
Deer Lodge,MT,Deer Lodge,MT
Deer Lodge,MT,Granite,MT
Deer Lodge,MT,Jefferson,MT
Deer Lodge,MT,Powell,MT
Deer Lodge,MT,Ravalli,MT
Deer Lodge,MT,Silver Bow,MT
Fallon,MT,Carter,MT
Fallon,MT,Custer,MT
Fallon,MT,Fallon,MT
Fallon,MT,Prairie,MT
Fallon,MT,Wibaux,MT
Fallon,MT,Bowman,ND
Fallon,MT,Golden Valley,ND
Fallon,MT,Slope,ND
Fallon,MT,Harding,SD
Fergus,MT,Blaine,MT
Fergus,MT,Chouteau,MT
Fergus,MT,Fergus,MT
Fergus,MT,Golden Valley,MT
Fergus,MT,Judith Basin,MT
Fergus,MT,Musselshell,MT
Fergus,MT,Petroleum,MT
Fergus,MT,Phillips,MT
Fergus,MT,Wheatland,MT
Flathead,MT,Flathead,MT
Flathead,MT,Glacier,MT
Flathead,MT,Lake,MT
Flathead,MT,Lewis and Clark,MT
Flathead,MT,Lincoln,MT
Flathead,MT,Missoula,MT
Flathead,MT,Pondera,MT
Flathead,MT,Powell,MT
Flathead,MT,Sanders,MT
Flathead,MT,Teton,MT
Gallatin,MT,Fremont,ID
Gallatin,MT,Broadwater,MT
Gallatin,MT,Gallatin,MT
Gallatin,MT,Jefferson,MT
Gallatin,MT,Madison,MT
Gallatin,MT,Meagher,MT
Gallatin,MT,Park,MT
Gallatin,MT,Park,WY
Gallatin,MT,Teton,WY
Garfield,MT,Custer,MT
Garfield,MT,Garfield,MT
Garfield,MT,McCone,MT
Garfield,MT,Petroleum,MT
Garfield,MT,Phillips,MT
Garfield,MT,Prairie,MT
Garfield,MT,Rosebud,MT
Garfield,MT,Valley,MT
Glacier,MT,Flathead,MT
Glacier,MT,Glacier,MT
Glacier,MT,Pondera,MT
Glacier,MT,Toole,MT
Golden Valley,MT,Fergus,MT
Golden Valley,MT,Golden Valley,MT
Golden Valley,MT,Musselshell,MT
Golden Valley,MT,Stillwater,MT
Golden Valley,MT,Sweet Grass,MT
Golden Valley,MT,Wheatland,MT
Golden Valley,MT,Yellowstone,MT
Granite,MT,Deer Lodge,MT
Granite,MT,Granite,MT
Granite,MT,Missoula,MT
Granite,MT,Powell,MT
Granite,MT,Ravalli,MT
Hill,MT,Blaine,MT
Hill,MT,Chouteau,MT
Hill,MT,Hill,MT
Hill,MT,Liberty,MT
Jefferson,MT,Broadwater,MT
Jefferson,MT,Deer Lodge,MT
Jefferson,MT,Gallatin,MT
Jefferson,MT,Jefferson,MT
Jefferson,MT,Lewis and Clark,MT
Jefferson,MT,Madison,MT
Jefferson,MT,Powell,MT
Jefferson,MT,Silver Bow,MT
Judith Basin,MT,Cascade,MT
Judith Basin,MT,Chouteau,MT
Judith Basin,MT,Fergus,MT
Judith Basin,MT,Judith Basin,MT
Judith Basin,MT,Meagher,MT
Judith Basin,MT,Wheatland,MT
Lake,MT,Flathead,MT
Lake,MT,Lake,MT
Lake,MT,Missoula,MT
Lake,MT,Sanders,MT
Lewis and Clark,MT,Broadwater,MT
Lewis and Clark,MT,Cascade,MT
Lewis and Clark,MT,Flathead,MT
Lewis and Clark,MT,Jefferson,MT
Lewis and Clark,MT,Lewis and Clark,MT
Lewis and Clark,MT,Meagher,MT
Lewis and Clark,MT,Powell,MT
Lewis and Clark,MT,Teton,MT
Liberty,MT,Chouteau,MT
Liberty,MT,Hill,MT
Liberty,MT,Liberty,MT
Liberty,MT,Pondera,MT
Liberty,MT,Toole,MT
Lincoln,MT,Bonner,ID
Lincoln,MT,Boundary,ID
Lincoln,MT,Flathead,MT
Lincoln,MT,Lincoln,MT
Lincoln,MT,Sanders,MT
McCone,MT,Dawson,MT
McCone,MT,Garfield,MT
McCone,MT,McCone,MT
McCone,MT,Prairie,MT
McCone,MT,Richland,MT
McCone,MT,Roosevelt,MT
McCone,MT,Valley,MT
Madison,MT,Fremont,ID
Madison,MT,Beaverhead,MT
Madison,MT,Gallatin,MT
Madison,MT,Jefferson,MT
Madison,MT,Madison,MT
Madison,MT,Silver Bow,MT
Meagher,MT,Broadwater,MT
Meagher,MT,Cascade,MT
Meagher,MT,Gallatin,MT
Meagher,MT,Judith Basin,MT
Meagher,MT,Lewis and Clark,MT
Meagher,MT,Meagher,MT
Meagher,MT,Park,MT
Meagher,MT,Sweet Grass,MT
Meagher,MT,Wheatland,MT
Mineral,MT,Clearwater,ID
Mineral,MT,Shoshone,ID
Mineral,MT,Mineral,MT
Mineral,MT,Missoula,MT
Mineral,MT,Sanders,MT
Missoula,MT,Clearwater,ID
Missoula,MT,Idaho,ID
Missoula,MT,Flathead,MT
Missoula,MT,Granite,MT
Missoula,MT,Lake,MT
Missoula,MT,Mineral,MT
Missoula,MT,Missoula,MT
Missoula,MT,Powell,MT
Missoula,MT,Ravalli,MT
Missoula,MT,Sanders,MT
Musselshell,MT,Fergus,MT
Musselshell,MT,Golden Valley,MT
Musselshell,MT,Musselshell,MT
Musselshell,MT,Petroleum,MT
Musselshell,MT,Rosebud,MT
Musselshell,MT,Yellowstone,MT
Park,MT,Carbon,MT
Park,MT,Gallatin,MT
Park,MT,Meagher,MT
Park,MT,Park,MT
Park,MT,Stillwater,MT
Park,MT,Sweet Grass,MT
Park,MT,Park,WY
Petroleum,MT,Fergus,MT
Petroleum,MT,Garfield,MT
Petroleum,MT,Musselshell,MT
Petroleum,MT,Petroleum,MT
Petroleum,MT,Phillips,MT
Petroleum,MT,Rosebud,MT
Phillips,MT,Blaine,MT
Phillips,MT,Fergus,MT
Phillips,MT,Garfield,MT
Phillips,MT,Petroleum,MT
Phillips,MT,Phillips,MT
Phillips,MT,Valley,MT
Pondera,MT,Chouteau,MT
Pondera,MT,Flathead,MT
Pondera,MT,Glacier,MT
Pondera,MT,Liberty,MT
Pondera,MT,Pondera,MT
Pondera,MT,Teton,MT
Pondera,MT,Toole,MT
Powder River,MT,Big Horn,MT
Powder River,MT,Carter,MT
Powder River,MT,Custer,MT
Powder River,MT,Powder River,MT
Powder River,MT,Rosebud,MT
Powder River,MT,Campbell,WY
Powder River,MT,Crook,WY
Powder River,MT,Sheridan,WY
Powell,MT,Deer Lodge,MT
Powell,MT,Flathead,MT
Powell,MT,Granite,MT
Powell,MT,Jefferson,MT
Powell,MT,Lewis and Clark,MT
Powell,MT,Missoula,MT
Powell,MT,Powell,MT
Prairie,MT,Custer,MT
Prairie,MT,Dawson,MT
Prairie,MT,Fallon,MT
Prairie,MT,Garfield,MT
Prairie,MT,McCone,MT
Prairie,MT,Prairie,MT
Prairie,MT,Wibaux,MT
Ravalli,MT,Idaho,ID
Ravalli,MT,Lemhi,ID
Ravalli,MT,Beaverhead,MT
Ravalli,MT,Deer Lodge,MT
Ravalli,MT,Granite,MT
Ravalli,MT,Missoula,MT
Ravalli,MT,Ravalli,MT
Richland,MT,Dawson,MT
Richland,MT,McCone,MT
Richland,MT,Richland,MT
Richland,MT,Roosevelt,MT
Richland,MT,Wibaux,MT
Richland,MT,McKenzie,ND
Richland,MT,Williams,ND
Roosevelt,MT,Daniels,MT
Roosevelt,MT,McCone,MT
Roosevelt,MT,Richland,MT
Roosevelt,MT,Roosevelt,MT
Roosevelt,MT,Sheridan,MT
Roosevelt,MT,Valley,MT
Roosevelt,MT,McKenzie,ND
Roosevelt,MT,Williams,ND
Rosebud,MT,Big Horn,MT
Rosebud,MT,Custer,MT
Rosebud,MT,Garfield,MT
Rosebud,MT,Musselshell,MT
Rosebud,MT,Petroleum,MT
Rosebud,MT,Powder River,MT
Rosebud,MT,Rosebud,MT
Rosebud,MT,Treasure,MT
Rosebud,MT,Yellowstone,MT
Sanders,MT,Bonner,ID
Sanders,MT,Shoshone,ID
Sanders,MT,Flathead,MT
Sanders,MT,Lake,MT
Sanders,MT,Lincoln,MT
Sanders,MT,Mineral,MT
Sanders,MT,Missoula,MT
Sanders,MT,Sanders,MT
Sheridan,MT,Daniels,MT
Sheridan,MT,Roosevelt,MT
Sheridan,MT,Sheridan,MT
Sheridan,MT,Divide,ND
Sheridan,MT,Williams,ND
Silver Bow,MT,Beaverhead,MT
Silver Bow,MT,Deer Lodge,MT
Silver Bow,MT,Jefferson,MT
Silver Bow,MT,Madison,MT
Silver Bow,MT,Silver Bow,MT
Stillwater,MT,Carbon,MT
Stillwater,MT,Golden Valley,MT
Stillwater,MT,Park,MT
Stillwater,MT,Stillwater,MT
Stillwater,MT,Sweet Grass,MT
Stillwater,MT,Yellowstone,MT
Sweet Grass,MT,Golden Valley,MT
Sweet Grass,MT,Meagher,MT
Sweet Grass,MT,Park,MT
Sweet Grass,MT,Stillwater,MT
Sweet Grass,MT,Sweet Grass,MT
Sweet Grass,MT,Wheatland,MT
Teton,MT,Cascade,MT
Teton,MT,Chouteau,MT
Teton,MT,Flathead,MT
Teton,MT,Lewis and Clark,MT
Teton,MT,Pondera,MT
Teton,MT,Teton,MT
Toole,MT,Glacier,MT
Toole,MT,Liberty,MT
Toole,MT,Pondera,MT
Toole,MT,Toole,MT
Treasure,MT,Big Horn,MT
Treasure,MT,Rosebud,MT
Treasure,MT,Treasure,MT
Treasure,MT,Yellowstone,MT
Valley,MT,Daniels,MT
Valley,MT,Garfield,MT
Valley,MT,McCone,MT
Valley,MT,Phillips,MT
Valley,MT,Roosevelt,MT
Valley,MT,Valley,MT
Wheatland,MT,Fergus,MT
Wheatland,MT,Golden Valley,MT
Wheatland,MT,Judith Basin,MT
Wheatland,MT,Meagher,MT
Wheatland,MT,Sweet Grass,MT
Wheatland,MT,Wheatland,MT
Wibaux,MT,Dawson,MT
Wibaux,MT,Fallon,MT
Wibaux,MT,Prairie,MT
Wibaux,MT,Richland,MT
Wibaux,MT,Wibaux,MT
Wibaux,MT,Golden Valley,ND
Wibaux,MT,McKenzie,ND
Yellowstone,MT,Big Horn,MT
Yellowstone,MT,Carbon,MT
Yellowstone,MT,Golden Valley,MT
Yellowstone,MT,Musselshell,MT
Yellowstone,MT,Rosebud,MT
Yellowstone,MT,Stillwater,MT
Yellowstone,MT,Treasure,MT
Yellowstone,MT,Yellowstone,MT
Churchill,NV,Churchill,NV
Churchill,NV,Lander,NV
Churchill,NV,Lyon,NV
Churchill,NV,Mineral,NV
Churchill,NV,Nye,NV
Churchill,NV,Pershing,NV
Churchill,NV,Washoe,NV
Clark,NV,Mohave,AZ
Clark,NV,Inyo,CA
Clark,NV,San Bernardino,CA
Clark,NV,Clark,NV
Clark,NV,Lincoln,NV
Clark,NV,Nye,NV
Douglas,NV,Alpine,CA
Douglas,NV,El Dorado,CA
Douglas,NV,Mono,CA
Douglas,NV,Placer,CA
Douglas,NV,Douglas,NV
Douglas,NV,Lyon,NV
Douglas,NV,Carson City,NV
Elko,NV,Cassia,ID
Elko,NV,Owyhee,ID
Elko,NV,Twin Falls,ID
Elko,NV,Elko,NV
Elko,NV,Eureka,NV
Elko,NV,Humboldt,NV
Elko,NV,Lander,NV
Elko,NV,White Pine,NV
Elko,NV,Box Elder,UT
Elko,NV,Tooele,UT
Esmeralda,NV,Inyo,CA
Esmeralda,NV,Mono,CA
Esmeralda,NV,Esmeralda,NV
Esmeralda,NV,Mineral,NV
Esmeralda,NV,Nye,NV
Eureka,NV,Elko,NV
Eureka,NV,Eureka,NV
Eureka,NV,Lander,NV
Eureka,NV,Nye,NV
Eureka,NV,White Pine,NV
Humboldt,NV,Owyhee,ID
Humboldt,NV,Elko,NV
Humboldt,NV,Humboldt,NV
Humboldt,NV,Lander,NV
Humboldt,NV,Pershing,NV
Humboldt,NV,Washoe,NV
Humboldt,NV,Harney,OR
Humboldt,NV,Malheur,OR
Lander,NV,Churchill,NV
Lander,NV,Elko,NV
Lander,NV,Eureka,NV
Lander,NV,Humboldt,NV
Lander,NV,Lander,NV
Lander,NV,Nye,NV
Lander,NV,Pershing,NV
Lincoln,NV,Mohave,AZ
Lincoln,NV,Clark,NV
Lincoln,NV,Lincoln,NV
Lincoln,NV,Nye,NV
Lincoln,NV,White Pine,NV
Lincoln,NV,Beaver,UT
Lincoln,NV,Iron,UT
Lincoln,NV,Millard,UT
Lincoln,NV,Washington,UT
Lyon,NV,Mono,CA
Lyon,NV,Churchill,NV
Lyon,NV,Douglas,NV
Lyon,NV,Lyon,NV
Lyon,NV,Mineral,NV
Lyon,NV,Storey,NV
Lyon,NV,Washoe,NV
Lyon,NV,Carson City,NV
Mineral,NV,Mono,CA
Mineral,NV,Churchill,NV
Mineral,NV,Esmeralda,NV
Mineral,NV,Lyon,NV
Mineral,NV,Mineral,NV
Mineral,NV,Nye,NV
Nye,NV,Inyo,CA
Nye,NV,Churchill,NV
Nye,NV,Clark,NV
Nye,NV,Esmeralda,NV
Nye,NV,Eureka,NV
Nye,NV,Lander,NV
Nye,NV,Lincoln,NV
Nye,NV,Mineral,NV
Nye,NV,Nye,NV
Nye,NV,White Pine,NV
Pershing,NV,Churchill,NV
Pershing,NV,Humboldt,NV
Pershing,NV,Lander,NV
Pershing,NV,Pershing,NV
Pershing,NV,Washoe,NV
Storey,NV,Lyon,NV
Storey,NV,Storey,NV
Storey,NV,Washoe,NV
Storey,NV,Carson City,NV
Washoe,NV,Lassen,CA
Washoe,NV,Modoc,CA
Washoe,NV,Nevada,CA
Washoe,NV,Placer,CA
Washoe,NV,Sierra,CA
Washoe,NV,Churchill,NV
Washoe,NV,Humboldt,NV
Washoe,NV,Lyon,NV
Washoe,NV,Pershing,NV
Washoe,NV,Storey,NV
Washoe,NV,Washoe,NV
Washoe,NV,Carson City,NV
Washoe,NV,Harney,OR
Washoe,NV,Lake,OR
White Pine,NV,Elko,NV
White Pine,NV,Eureka,NV
White Pine,NV,Lincoln,NV
White Pine,NV,Nye,NV
White Pine,NV,White Pine,NV
White Pine,NV,Juab,UT
White Pine,NV,Millard,UT
White Pine,NV,Tooele,UT
Carson City,NV,Placer,CA
Carson City,NV,Douglas,NV
Carson City,NV,Lyon,NV
Carson City,NV,Storey,NV
Carson City,NV,Washoe,NV
Carson City,NV,Carson City,NV
Albany,WY,Jackson,CO
Albany,WY,Larimer,CO
Albany,WY,Albany,WY
Albany,WY,Carbon,WY
Albany,WY,Converse,WY
Albany,WY,Laramie,WY
Albany,WY,Platte,WY
Big Horn,WY,Big Horn,MT
Big Horn,WY,Carbon,MT
Big Horn,WY,Big Horn,WY
Big Horn,WY,Johnson,WY
Big Horn,WY,Park,WY
Big Horn,WY,Sheridan,WY
Big Horn,WY,Washakie,WY
Campbell,WY,Powder River,MT
Campbell,WY,Campbell,WY
Campbell,WY,Converse,WY
Campbell,WY,Crook,WY
Campbell,WY,Johnson,WY
Campbell,WY,Sheridan,WY
Campbell,WY,Weston,WY
Carbon,WY,Jackson,CO
Carbon,WY,Moffat,CO
Carbon,WY,Routt,CO
Carbon,WY,Albany,WY
Carbon,WY,Carbon,WY
Carbon,WY,Converse,WY
Carbon,WY,Fremont,WY
Carbon,WY,Natrona,WY
Carbon,WY,Sweetwater,WY
Converse,WY,Albany,WY
Converse,WY,Campbell,WY
Converse,WY,Carbon,WY
Converse,WY,Converse,WY
Converse,WY,Johnson,WY
Converse,WY,Natrona,WY
Converse,WY,Niobrara,WY
Converse,WY,Platte,WY
Converse,WY,Weston,WY
Crook,WY,Carter,MT
Crook,WY,Powder River,MT
Crook,WY,Butte,SD
Crook,WY,Lawrence,SD
Crook,WY,Campbell,WY
Crook,WY,Crook,WY
Crook,WY,Weston,WY
Fremont,WY,Carbon,WY
Fremont,WY,Fremont,WY
Fremont,WY,Hot Springs,WY
Fremont,WY,Natrona,WY
Fremont,WY,Park,WY
Fremont,WY,Sublette,WY
Fremont,WY,Sweetwater,WY
Fremont,WY,Teton,WY
Fremont,WY,Washakie,WY
Goshen,WY,Banner,NE
Goshen,WY,Scotts Bluff,NE
Goshen,WY,Sioux,NE
Goshen,WY,Goshen,WY
Goshen,WY,Laramie,WY
Goshen,WY,Niobrara,WY
Goshen,WY,Platte,WY
Hot Springs,WY,Fremont,WY
Hot Springs,WY,Hot Springs,WY
Hot Springs,WY,Park,WY
Hot Springs,WY,Washakie,WY
Johnson,WY,Big Horn,WY
Johnson,WY,Campbell,WY
Johnson,WY,Converse,WY
Johnson,WY,Johnson,WY
Johnson,WY,Natrona,WY
Johnson,WY,Sheridan,WY
Johnson,WY,Washakie,WY
Laramie,WY,Larimer,CO
Laramie,WY,Weld,CO
Laramie,WY,Banner,NE
Laramie,WY,Kimball,NE
Laramie,WY,Albany,WY
Laramie,WY,Goshen,WY
Laramie,WY,Laramie,WY
Laramie,WY,Platte,WY
Lincoln,WY,Bear Lake,ID
Lincoln,WY,Bonneville,ID
Lincoln,WY,Caribou,ID
Lincoln,WY,Rich,UT
Lincoln,WY,Lincoln,WY
Lincoln,WY,Sublette,WY
Lincoln,WY,Sweetwater,WY
Lincoln,WY,Teton,WY
Lincoln,WY,Uinta,WY
Natrona,WY,Carbon,WY
Natrona,WY,Converse,WY
Natrona,WY,Fremont,WY
Natrona,WY,Johnson,WY
Natrona,WY,Natrona,WY
Natrona,WY,Washakie,WY
Niobrara,WY,Sioux,NE
Niobrara,WY,Custer,SD
Niobrara,WY,Fall River,SD
Niobrara,WY,Converse,WY
Niobrara,WY,Goshen,WY
Niobrara,WY,Niobrara,WY
Niobrara,WY,Platte,WY
Niobrara,WY,Weston,WY
Park,WY,Carbon,MT
Park,WY,Gallatin,MT
Park,WY,Park,MT
Park,WY,Big Horn,WY
Park,WY,Fremont,WY
Park,WY,Hot Springs,WY
Park,WY,Park,WY
Park,WY,Teton,WY
Park,WY,Washakie,WY
Platte,WY,Albany,WY
Platte,WY,Converse,WY
Platte,WY,Goshen,WY
Platte,WY,Laramie,WY
Platte,WY,Niobrara,WY
Platte,WY,Platte,WY
Sheridan,WY,Big Horn,MT
Sheridan,WY,Powder River,MT
Sheridan,WY,Big Horn,WY
Sheridan,WY,Campbell,WY
Sheridan,WY,Johnson,WY
Sheridan,WY,Sheridan,WY
Sublette,WY,Fremont,WY
Sublette,WY,Lincoln,WY
Sublette,WY,Sublette,WY
Sublette,WY,Sweetwater,WY
Sublette,WY,Teton,WY
Sweetwater,WY,Moffat,CO
Sweetwater,WY,Daggett,UT
Sweetwater,WY,Summit,UT
Sweetwater,WY,Carbon,WY
Sweetwater,WY,Fremont,WY
Sweetwater,WY,Lincoln,WY
Sweetwater,WY,Sublette,WY
Sweetwater,WY,Sweetwater,WY
Sweetwater,WY,Uinta,WY
Teton,WY,Bonneville,ID
Teton,WY,Fremont,ID
Teton,WY,Teton,ID
Teton,WY,Gallatin,MT
Teton,WY,Fremont,WY
Teton,WY,Lincoln,WY
Teton,WY,Park,WY
Teton,WY,Sublette,WY
Teton,WY,Teton,WY
Uinta,WY,Rich,UT
Uinta,WY,Summit,UT
Uinta,WY,Lincoln,WY
Uinta,WY,Sweetwater,WY
Uinta,WY,Uinta,WY
Washakie,WY,Big Horn,WY
Washakie,WY,Fremont,WY
Washakie,WY,Hot Springs,WY
Washakie,WY,Johnson,WY
Washakie,WY,Natrona,WY
Washakie,WY,Park,WY
Washakie,WY,Washakie,WY
Weston,WY,Custer,SD
Weston,WY,Lawrence,SD
Weston,WY,Pennington,SD
Weston,WY,Campbell,WY
Weston,WY,Converse,WY
Weston,WY,Crook,WY
Weston,WY,Niobrara,WY
Weston,WY,Weston,WY
Adams,ID,Baker,OR
Adams,ID,Wallowa,OR
Bear Lake,ID,Cache,UT
Bear Lake,ID,Rich,UT
Benewah,ID,Spokane,WA
Benewah,ID,Whitman,WA
Bonner,ID,Pend Oreille,WA
Bonner,ID,Spokane,WA
Boundary,ID,Pend Oreille,WA
Canyon,ID,Malheur,OR
Cassia,ID,Box Elder,UT
Franklin,ID,Cache,UT
Franklin,ID,Rich,UT
Idaho,ID,Wallowa,OR
Kootenai,ID,Spokane,WA
Latah,ID,Whitman,WA
Nez Perce,ID,Wallowa,OR
Nez Perce,ID,Asotin,WA
Nez Perce,ID,Whitman,WA
Oneida,ID,Box Elder,UT
Oneida,ID,Cache,UT
Owyhee,ID,Malheur,OR
Payette,ID,Malheur,OR
Washington,ID,Baker,OR
Washington,ID,Malheur,OR
Carter,MT,Butte,SD
Carter,MT,Harding,SD
Fallon,MT,Bowman,ND
Fallon,MT,Golden Valley,ND
Fallon,MT,Slope,ND
Fallon,MT,Harding,SD
Richland,MT,McKenzie,ND
Richland,MT,Williams,ND
Roosevelt,MT,McKenzie,ND
Roosevelt,MT,Williams,ND
Sheridan,MT,Divide,ND
Sheridan,MT,Williams,ND
Wibaux,MT,Golden Valley,ND
Wibaux,MT,McKenzie,ND
Clark,NV,Mohave,AZ
Clark,NV,Inyo,CA
Clark,NV,San Bernardino,CA
Douglas,NV,Alpine,CA
Douglas,NV,El Dorado,CA
Douglas,NV,Mono,CA
Douglas,NV,Placer,CA
Elko,NV,Box Elder,UT
Elko,NV,Tooele,UT
Esmeralda,NV,Inyo,CA
Esmeralda,NV,Mono,CA
Humboldt,NV,Harney,OR
Humboldt,NV,Malheur,OR
Lincoln,NV,Mohave,AZ
Lincoln,NV,Beaver,UT
Lincoln,NV,Iron,UT
Lincoln,NV,Millard,UT
Lincoln,NV,Washington,UT
Lyon,NV,Mono,CA
Mineral,NV,Mono,CA
Nye,NV,Inyo,CA
Washoe,NV,Lassen,CA
Washoe,NV,Modoc,CA
Washoe,NV,Nevada,CA
Washoe,NV,Placer,CA
Washoe,NV,Sierra,CA
Washoe,NV,Harney,OR
Washoe,NV,Lake,OR
White Pine,NV,Juab,UT
White Pine,NV,Millard,UT
White Pine,NV,Tooele,UT
Carson City,NV,Placer,CA
Albany,WY,Jackson,CO
Albany,WY,Larimer,CO
Carbon,WY,Jackson,CO
Carbon,WY,Moffat,CO
Carbon,WY,Routt,CO
Crook,WY,Butte,SD
Crook,WY,Lawrence,SD
Goshen,WY,Banner,NE
Goshen,WY,Scotts Bluff,NE
Goshen,WY,Sioux,NE
Laramie,WY,Larimer,CO
Laramie,WY,Weld,CO
Laramie,WY,Banner,NE
Laramie,WY,Kimball,NE
Lincoln,WY,Rich,UT
Niobrara,WY,Sioux,NE
Niobrara,WY,Custer,SD
Niobrara,WY,Fall River,SD
Sweetwater,WY,Moffat,CO
Sweetwater,WY,Daggett,UT
Sweetwater,WY,Summit,UT
Uinta,WY,Rich,UT
Uinta,WY,Summit,UT
Weston,WY,Custer,SD
Weston,WY,Lawrence,SD
Weston,WY,Pennington,SD
